{"london": [51.5074456, -0.1277653], "minsk": [53.9024716, 27.5618225], "moscow": [55.625578, 37.6063916], "warsaw": [52.2319581, 21.0067249]}